{"cameraMode":{"drawMode":0,"name":"Shaded","section":"Shading Mode"},"sceneLighting":false,"audioPlay":false,"sceneViewState":{"m_AlwaysRefresh":false,"showFog":true,"showSkybox":false,"showFlares":true,"showImageEffects":true,"showParticleSystems":true,"showVisualEffectGraphs":true,"m_FxEnabled":true},"in2DMode":false,"pivot":{"x":1.4440051317214966,"y":4.427295684814453,"z":-18.163829803466798},"rotation":{"x":0.11541343480348587,"y":0.046469613909721377,"z":-0.005405342672020197,"w":0.9922162890434265},"size":12.831644058227539,"orthographic":false}