{"cameraMode":{"drawMode":0,"name":"Shaded","section":"Shading Mode"},"sceneLighting":true,"audioPlay":false,"sceneViewState":{"m_AlwaysRefresh":false,"showFog":true,"showSkybox":true,"showFlares":true,"showImageEffects":true,"showParticleSystems":true,"showVisualEffectGraphs":true,"m_FxEnabled":true},"in2DMode":false,"pivot":{"x":0.3233170807361603,"y":-10.959980964660645,"z":54.82933807373047},"rotation":{"x":0.11077004671096802,"y":0.002385251224040985,"z":-0.000265846581896767,"w":0.993843674659729},"size":29.94949722290039,"orthographic":false}