{"cameraMode":{"drawMode":0,"name":"Shaded","section":"Shading Mode"},"sceneLighting":true,"audioPlay":false,"sceneViewState":{"m_AlwaysRefresh":false,"showFog":true,"showSkybox":true,"showFlares":true,"showImageEffects":true,"showParticleSystems":true,"showVisualEffectGraphs":true,"m_FxEnabled":true},"in2DMode":false,"pivot":{"x":-3.0449368953704836,"y":1.7192233800888062,"z":38.71986389160156},"rotation":{"x":0.03898800536990166,"y":0.004796385299414396,"z":-0.00018714027828536928,"w":0.9992287755012512},"size":11.482064247131348,"orthographic":false}