{"cameraMode":{"drawMode":0,"name":"Shaded","section":"Shading Mode"},"sceneLighting":false,"audioPlay":false,"sceneViewState":{"m_AlwaysRefresh":false,"showFog":true,"showSkybox":false,"showFlares":true,"showImageEffects":true,"showParticleSystems":true,"showVisualEffectGraphs":true,"m_FxEnabled":true},"in2DMode":false,"pivot":{"x":0.9952632188796997,"y":3.0722384452819826,"z":1.0297322273254395},"rotation":{"x":0.11077004671096802,"y":0.002385251224040985,"z":-0.000265846581896767,"w":0.993843674659729},"size":5.3165669441223148,"orthographic":false}